sub_category,period,sales_forecast
Accessories,2018Q1,9751.660218743336
Accessories,2018Q2,12291.372333809217
Accessories,2018Q3,10774.336192309958
Accessories,2018Q4,14820.576173653862
Appliances,2018Q1,10570.43624921522
Appliances,2018Q2,7654.891166878457
Appliances,2018Q3,7432.457525670395
Appliances,2018Q4,8608.833149321279
Art,2018Q1,2309.112476095495
Art,2018Q2,2726.3835391239436
Art,2018Q3,3235.033597607133
Art,2018Q4,3872.1325531450634
Binders,2018Q1,10806.919396031002
Binders,2018Q2,15984.888326121592
Binders,2018Q3,14992.373543072124
Binders,2018Q4,19775.910289516018
Bookcases,2018Q1,6468.955884750292
Bookcases,2018Q2,7056.802720029894
Bookcases,2018Q3,8743.396573526441
Bookcases,2018Q4,7888.331207104568
Chairs,2018Q1,14721.080898716487
Chairs,2018Q2,18851.139450697327
Chairs,2018Q3,21864.53180979167
Chairs,2018Q4,19823.881631249995
Copiers,2018Q1,13181.5151775
Copiers,2018Q2,14406.526931519127
Copiers,2018Q3,14358.87643140824
Copiers,2018Q4,14215.37536956434
Envelopes,2018Q1,1076.0544507527943
Envelopes,2018Q2,1352.9113865705192
Envelopes,2018Q3,2622.9812224508305
Envelopes,2018Q4,3404.6244058901257
Fasteners,2018Q1,543.7157829200073
Fasteners,2018Q2,1098.2780987267622
Fasteners,2018Q3,2250.005033091508
Fasteners,2018Q4,3173.1523416467744
Furnishings,2018Q1,8766.848282300834
Furnishings,2018Q2,6751.518406966735
Furnishings,2018Q3,7528.946118229768
Furnishings,2018Q4,8393.953540195555
Labels,2018Q1,1221.3079126306204
Labels,2018Q2,1558.2955159541982
Labels,2018Q3,2231.815613505571
Labels,2018Q4,3397.146853192766
Machines,2018Q1,11200.637506324065
Machines,2018Q2,8978.315621700001
Machines,2018Q3,7762.658064777538
Machines,2018Q4,9358.18439429588
Paper,2018Q1,6728.4829291698
Paper,2018Q2,8097.450651801121
Paper,2018Q3,8682.35198704467
Paper,2018Q4,9330.625931306398
Phones,2018Q1,15319.43671546498
Phones,2018Q2,22800.414744833302
Phones,2018Q3,21876.40997098612
Phones,2018Q4,20688.355886458317
Storage,2018Q1,11023.412613997594
Storage,2018Q2,13536.873714663852
Storage,2018Q3,15278.675004231944
Storage,2018Q4,18672.197915254103
Supplies,2018Q1,4447.802293566924
Supplies,2018Q2,4433.458325853703
Supplies,2018Q3,5691.553901081497
Supplies,2018Q4,5156.683162216997
Tables,2018Q1,11155.294355184462
Tables,2018Q2,9432.622260345788
Tables,2018Q3,11423.187191106956
Tables,2018Q4,18282.33268399424
